{
  "uid" : "ab17fc5a4eb3bca4b216b548c7f9fcbc",
  "name" : "timeline",
  "children" : [ {
    "name" : "LAPTOP-T3E8ATB8",
    "children" : [ {
      "name" : "556-MainThread",
      "children" : [ {
        "name" : "token_查询余额",
        "uid" : "f50b39f7c5c195fa",
        "parentUid" : "65fbdb88806c69c13107c735578599d8",
        "status" : "passed",
        "time" : {
          "start" : 1588236840155,
          "stop" : 1588236840188,
          "duration" : 33
        },
        "flaky" : false,
        "newFailed" : false,
        "parameters" : [ "{'case_num': 'neeo_002', 'title': 'token_查询余额', 'url': 'http://www.neeo.cc:6002/pinter/bank/api/query2', 'method': 'get', 'params': '{\"userName\": \"admin\"}', 'data': '', 'json': '', 'cookies': '', 'headers': '{\"testfan-token\": \"${neeo_001>response_json>data}$\"}', 'except': '{\"code\": \"0\", \"message\": \"success\"}'}" ]
      }, {
        "name" : "查询库存",
        "uid" : "56839139f8f97488",
        "parentUid" : "65fbdb88806c69c13107c735578599d8",
        "status" : "passed",
        "time" : {
          "start" : 1588236840286,
          "stop" : 1588236840302,
          "duration" : 16
        },
        "flaky" : false,
        "newFailed" : false,
        "parameters" : [ "{'case_num': 'neeo_006', 'title': '查询库存', 'url': 'http://www.neeo.cc:6002/pinter/com/getSku', 'method': 'get', 'params': '{\"id\":1}', 'data': '', 'json': '', 'cookies': '', 'headers': '', 'except': '{\"code\": \"0\", \"message\": \"success\"}'}" ]
      }, {
        "name" : "下单接口",
        "uid" : "11bac7adbaae0db8",
        "parentUid" : "65fbdb88806c69c13107c735578599d8",
        "status" : "passed",
        "time" : {
          "start" : 1588236840245,
          "stop" : 1588236840282,
          "duration" : 37
        },
        "flaky" : false,
        "newFailed" : false,
        "parameters" : [ "{'case_num': 'neeo_005', 'title': '下单接口', 'url': 'http://www.neeo.cc:6002/pinter/com/buy', 'method': 'post', 'params': '', 'data': '{\"param\":{\"skuId\":123,\"num\":10}}', 'json': '', 'cookies': '', 'headers': '', 'except': '{\"code\": \"0\", \"message\": \"success\"}'}" ]
      }, {
        "name" : "普通登录",
        "uid" : "79d94c611541b7ba",
        "parentUid" : "65fbdb88806c69c13107c735578599d8",
        "status" : "failed",
        "time" : {
          "start" : 1588236840306,
          "stop" : 1588236840327,
          "duration" : 21
        },
        "flaky" : false,
        "newFailed" : false,
        "parameters" : [ "{'case_num': 'neeo_007', 'title': '普通登录', 'url': 'http://www.neeo.cc:6002/pinter/com/login', 'method': 'post', 'params': '', 'data': '{\"userName\": \"${neeo_002>request_params>userName}$\", \"password\": \"${neeo_003>request_data>password}$\"}', 'json': '', 'cookies': '', 'headers': '', 'except': '{\"code\": \"1\", \"message\": \"success\"}'}" ]
      }, {
        "name" : "token_登录",
        "uid" : "40f4a6cdf2297cc9",
        "parentUid" : "65fbdb88806c69c13107c735578599d8",
        "status" : "failed",
        "time" : {
          "start" : 1588236840075,
          "stop" : 1588236840115,
          "duration" : 40
        },
        "flaky" : false,
        "newFailed" : false,
        "parameters" : [ "{'case_num': 'neeo_001', 'title': 'token_登录', 'url': 'http://www.neeo.cc:6002/pinter/bank/api/login2', 'method': 'post', 'params': '', 'data': '{\"userName\": \"admin\", \"password\": \"1234\"}', 'json': '', 'cookies': '', 'headers': '', 'except': '{\"code\": \"2\", \"message\": \"success\"}'}" ]
      }, {
        "name" : "cookies_查询余额",
        "uid" : "346a19337822a499",
        "parentUid" : "65fbdb88806c69c13107c735578599d8",
        "status" : "failed",
        "time" : {
          "start" : 1588236840220,
          "stop" : 1588236840236,
          "duration" : 16
        },
        "flaky" : false,
        "newFailed" : false,
        "parameters" : [ "{'case_num': 'neeo_004', 'title': 'cookies_查询余额', 'url': 'http://www.neeo.cc:6002/pinter/bank/api/query', 'method': 'get', 'params': '{\"userName\": \"admin\"}', 'data': '', 'json': '', 'cookies': 'neeo_003', 'headers': '', 'except': '{\"code\": \"0\", \"message\": \"success1\"}'}" ]
      }, {
        "name" : "cookies_登录",
        "uid" : "7351b4dec71f5650",
        "parentUid" : "65fbdb88806c69c13107c735578599d8",
        "status" : "passed",
        "time" : {
          "start" : 1588236840199,
          "stop" : 1588236840216,
          "duration" : 17
        },
        "flaky" : false,
        "newFailed" : false,
        "parameters" : [ "{'case_num': 'neeo_003', 'title': 'cookies_登录', 'url': 'http://www.neeo.cc:6002/pinter/bank/api/login', 'method': 'post', 'params': '', 'data': '{\"userName\": \"admin\", \"password\": \"1234\"}', 'json': '', 'cookies': '', 'headers': '', 'except': '{\"code\": \"0\", \"message\": \"success\"}'}" ]
      } ],
      "uid" : "65fbdb88806c69c13107c735578599d8"
    } ],
    "uid" : "8c978d32c21a559911ed8720bc68047a"
  } ]
}